"Parameter","Estimate","Std_Error","Z_score","Sig"
"mu",0.00354,0.00243,1.45,""
"w_1",0.08121,0.02734,2.97,"(*)"
"w_2",0.05793,0.03707,1.56,""
"w_3",0.05606,0.02952,1.9,""
"w_4",-0.04461,0.03552,-1.26,""
"phi",0.26608,0.06986,3.81,"(*)"
"sigma",0.02953,0.00126,23.45,"(*)"
