"Model","RMSE","Dir_Acc_pct","Hit_Up_pct","Hit_Down_pct","Precision_pct","Recall_pct","MZ_alpha","MZ_beta","MZ_R2","MZ_p"
"ARIMAX",0.02986,64.6,78.6,50,40.9,37.5,0.00217,0.539,0.056,0.1171
"MIDAS nealmon",0.02104,80.2,100,100,40.4,87.5,0.00059,0.747,0.576,0.0011
"MIDAS nbeta",0.02057,74,100,100,41.7,83.3,0.00047,0.778,0.579,0.0069
"U-MIDAS",0.02226,75,100,100,39.6,79.2,0.00095,0.696,0.558,0
"CLM-SS (4 lags)",0.0317,63.5,85.7,60,31.8,29.2,0.00213,0.22,0.01,0.0041
"CLM-SS (12 lags)",0.02258,74,100,100,36.5,79.2,0.00092,0.7,0.534,1e-04
