"Horizon_h","Model","RMSE","MAE","Dir_Acc_pct","vs_ARIMAX_pct","DM_p_vs_ARIMAX","N"
1,"ARIMAX",0.029863,0.021978,64.6,0,NA,96
1,"MIDAS nealmon",0.021043,0.015659,80.2,-29.5,3e-04,96
1,"MIDAS nbeta",0.020568,0.015571,74,-31.1,5e-04,96
2,"ARIMAX",0.028422,0.020482,71.9,0,NA,96
2,"MIDAS nealmon",0.026498,0.018683,75,-6.8,0.2486,96
2,"MIDAS nbeta",0.024191,0.018254,74,-14.9,0.034,96
3,"ARIMAX",0.029577,0.022706,59.4,0,NA,96
3,"MIDAS nealmon",0.030626,0.022819,63.5,3.5,0.6279,96
3,"MIDAS nbeta",0.030232,0.022538,64.6,2.2,0.5856,96
