"hidden_size","epochs","lr","Val_RMSE","Train_Loss"
4,100,0.005,0.020906,0.697291
8,100,0.005,0.031542,0.537414
4,150,0.005,0.020688,0.648625
8,150,0.005,0.025885,0.498987
4,100,0.01,0.02094,0.610111
8,100,0.01,0.03072,0.450339
4,150,0.01,0.017247,0.441464
8,150,0.01,0.036208,0.310983
